Patrick Johnmeyer,64
user41474,3
Lucas Willett,1
Dmitry44,10
U1837348,5
Laxman,14
scikidus,13
xlash,1
flappit,0
László Monda,0
mastupristi,5
TylerJames,1
Dan Novak,10
Pavel Kurta,2
Jeff of Brooklyn,1
solenskiner,3
Unless,0
Halley,16
Stefanos Kalantzis,1
Kalyan Raju,1
Nan T,3
Marcelo Emmerich,3
Anthrax00,2
Mas Ugn,0
PimPee,1
Uncle Fester,2
ScG,2
Carlosfocker,1
Yanick Landry,0
Leimi,3
J. Kyle Pittman,5
Ezekiel,1
John Dagg,95
Mohammad Makahleh,-2
monxalo,4
Rithy,1
Gokhan Fazli Celik,1
rosencreuz,34
brodie,4
virtuallinux,0
Anwar Chandra,3
Robert Audi,7
dmossakowski,1
marcio,7
haknick,1
Andreas G.,1
fie,0
Tomas Babic,4
Pratik Shah,1
sbook,3
tgrk,1
user40504,1
Zhami,45
user477161,1
verokside,0
prairiehat,1
Tonderum Conundrum,3
someWalri,5
DKDiveDude,1
JohnnyLongPants,0
Mr.Expert,1
Tony Clark,6
Carlo Alberto Degli Atti,2
Brite Roy,0
agichen,0
user266982,4
slu,4
Emmel,5
Randy6T9,2
Spux,1
Kahu,14
Carter Cole,1
snk,3
Matt Grum,2
Geny,1
Jake Scruggs,0
Paul Brauner,1
Kevin,7
Ashley Mercer,16
user23119,1
user41767,5
A. I. Breveleri,1
Mike737,2
Blanc,2
GSchv,1
Nemori,1
Flanagan1,4
Peter Lapisu,2
Doug Houck,1
Hoperty,0
Marek Jedliński,11
user442692,0
Ataman,0
jrdn,2
Pezholio,5
Long wait,0
eliezer,0
alexiso,3
999michal,2
Burkhard Exner,2
Daniel Upton,4
Denis Souza,1
shanmuga,0
username2,0
caltrop,1
Gaith,10
borghe,3
Khawar,1
barrozz,2
Jesse Dorsey,1
Jonhnny Weslley,7
Gary Mueller,3
dfddf,1
hudsonmendes,0
iamamused,25
Kredns,10
kinghajj,4
Irina C,0
Shai Wininger,1
muenalan,0
rnistuk,2
kjetildm,1
Ken Henderson,1
Dative,0
ashgromnies,3
allgeek,4
tnafoo,0
ted776,0
A for Alpha,0
andrewhunter,2
liven,0
underscore,1
Gabe Rosser,0
Hakeem,1
Fede Mika,1
raabie,1
romrom,7
pythonologist,1
Russell Jones,4
bigjeff,4
slezica,2
y_nk,17
Danny Cantrell,1
Dan Fare,9
Ceejay,2
clarity,1
Mahya,1
Chris Stucchio,31
Samir Sabri,1
PHENOMERICAN,0
rabidmachine9,9
S B,5
schmod,0
tibin mathew,1
user152235,0
cedric.walter,1
Hons,4
Mark Norgate,1
Jagmal,10
yhdezalvarez,2
Michael S. Scherotter,2
Victor Rodrigues,7
adgoudz,3
Soviut,8
artifex,0
Carl Heinrich Hancke,7
orrsella,1
Richard Martinez,3
vikash Agrawal,0
Kurlez,0
Steven Mastandrea,4
Steppen,1
Soloren2001,2
Edward Meyer,0
Paul Ramsey,4
stevendesu,3
luq,2
sandraqu,2
TappCandy,0
Nick Thoresby,0
user366735,22
orta,0
BioDevMike,12
MadG,0
Chris Best,22
Tak,1
Henk van Dijken,0
kenny99,0
user277127,2
bobbypage,6
John Attridge,1
RogerV,4
Dominic Betts,8
mollyfud,3
dr.addn,24
roocell,3
mehmetemin,1
JonDrnek,4
mdryden,2
zakvdm,3
